"","mz","rt","ko15","ko16","ko18","ko19","ko21","ko22","wt15","wt16","wt18","wt19","wt21","wt22"
"group",mz,rt,c(1, 1, 1, 1, 1, 1, 2, 2, 2, 2, 2, 2),mz,rt,c(1, 1, 1, 1, 1, 1, 2, 2, 2, 2, 2, 2),mz,rt,c(1, 1, 1, 1, 1, 1, 2, 2, 2, 2, 2, 2),mz,rt,c(1, 1, 1, 1, 1, 1, 2, 2, 2, 2, 2, 2),mz,rt
"M200.1T2924",200.100006103516,2924.027,147887.526315791,451600.713166665,65290.3849285717,52834.5741624099,70042.5280949519,162012.438555555,175177.078526315,82619.4799999999,46255.0268554688,69198.2221333338,153273.468705881,98144.2800000001
"M205T2788.4",205,2788.3765,1778568.944,1567038.13810526,1482796.3848,1039129.81818181,1223132.352,1072037.6985,1950287.4888421,1466780.59999998,1572679.16109091,1275312.75818182,1356014.33418182,1231442.16000001
"M205.9927T2789.1",205.992697310125,2789.144,237993.621222225,269713.984105262,201393.4155,150107.310090909,176989.653272727,156797.03535,276541.849473688,222366.154999998,211717.712761905,186850.877863637,188285.941181819,172348.755000001
"M207.085T2717.6",207.084964531797,2717.594,380873.049000004,460629.738315788,351750.138318178,219287.967652175,286848.560869565,235022.62605,417169.584947367,324892.46336842,277990.700681815,220972.351999999,252874.0107,236728.159999998
"M219.0848T2523.9",219.084775924695,2523.863,235544.923263161,173623.37775,82759.5097943474,75292.4609375,185792.42895,174458.76768421,244584.47055,161184.045,72029.3783124993,73854.5367431641,238194.379157894,173829.95115
"M233.0371T3023.6",233.037075068284,3023.583,399145.340333331,356951.308222226,410550.655444443,198416.546947368,363381.664944443,317805.787888887,397107.782666665,271252.060000001,334459.926666671,181901.317499999,456900.468736841,294270.588388892
"M236.1018T2523.3",236.101801255234,2523.287,252282.035368424,206031.9273,71763.791473684,63954.4604492188,186660.9762,198804.282444444,253791.0714,187225.645,49061.1939561632,90012.6427368432,256263.261473684,206486.980526315
"M241.1275T3658.7",241.127523934488,3658.691,1465988.67130435,1318746.56866666,1215368.73927273,632037.425478263,579968.192086951,561964.932260872,1468102.63854546,1594705.06133334,1006929.31345455,805533.200347829,731777.646583328,522916.137130437
"M242.1415T3664.7",242.14153510902,3664.669,280767.609625001,248792.380958332,224467.690272728,109019.428499999,42407.6248168945,101092.933727273,280260.238695653,299453.212125002,188328.194954546,139748.299695652,139968.457439999,95347.8537142858
"M249.1239T3649.7",249.1239413184,3649.674,1435000.72,1228148.15809091,1193346.69890909,641881.756363638,536808.256173908,574005.707739125,1297985.81963637,1566269.10727273,1076654.09295651,747969.404608699,688496.327199996,485427.603652176
"M250.1289T3649.7",250.128878668766,3649.674,347794.775041668,238893.441272728,248245.609636364,126623.762086957,107844.147636362,118626.971583333,281745.026636364,336058.763478258,215534.929727273,149872.756173914,139317.285708332,99814.4919130439
"M255.1596T3658",255.15956744084,3658.0235,1420043.19166667,1187751.92139129,1264221.95686957,673816.218818184,581177.903478256,651560.258086959,1211727.05530435,1550070.65530435,1024087.20339131,875296.291772729,759075.901043472,640885.689652176
"M256.15T3452",256.150027482604,3451.957,229192.801894736,2899288.968,245869.325000001,110699.46561472,61597.6290090461,67604.970780222,249301.22985,293543.9313,185415.276,92262.3958333333,170656.943739131,159465.517714286
"M256.1519T3665.2",256.151909400348,3665.226,307708.367333335,207677.005714286,275104.924500001,96560.1014245075,47086.1163517879,28693.9383036296,258452.243181819,338390.940416664,213618.130173914,180384.485681819,164675.679913042,91822.7078125008
"M257.1314T3647.6",257.13144127998,3647.554,188817.159789473,224010.0729,227798.269999998,131171.360090909,54738.7057902018,16259.2888387044,257809.429473684,220890.756105266,190701.967238095,145974.265136362,44760.6341552734,144957.044681819
"M264.1441T3154",264.144101497159,3153.966,24685.127360026,185347.325166669,165143.892388888,188573.028,181567.06395,195963.039,35129.4330623851,129476.97317647,150120.706210526,169945.459473684,130895.083222224,144776.874666667
"M266.1782T3650.4",266.17822710951,3650.4065,379553.600086958,348338.537409092,325662.757304349,245240.896909092,143129.524208332,196007.901333332,223593.421875001,534034.478818183,312326.197826084,292310.403913045,182876.530719999,190006.066173914
"M267.1573T3649.7",267.157331441275,3649.674,1463921.08,1238442.42909091,1151405.91709091,603390.134363638,536560.993043474,564338.971304343,1364214.696,1615383.64072728,1009688.32831818,728041.893818184,651345.859043473,492315.920545456
"M269.1617T3885.2",269.161745032004,3885.2,666924.549166674,1237451.66628572,1063929.74628572,436101.188318183,499613.30359091,428313.974500001,464563.23225,2276576.5836,784441.770666667,620319.011130434,556389.854500001,392467.621304344
"M270.1767T3880.4",270.17665485582,3880.4425,130223.450117648,235715.8989,207683.26552381,74064.1257222219,72738.4658823524,64757.5847005208,90821.517176011,468060.8955,162845.814857143,131648.489142855,95452.7371673584,67114.2358049665
"M279.018T2789.1",279.017979016112,2789.1095,16540436.1742224,12335891.6850526,14683487.664,9660238.21409525,11775210.2400001,10293898.280421,18747984.3662224,12952090.2400001,11584736.4288,10705576.3260952,10839870.3072,11984043.8400001
"M280.017T2788.6",280.016984270135,2788.592,2942032.95777781,2199151.67915789,2579250.4332,1711820.032,2118031.59161905,1824953.984,3302721.35333337,2292925.32000001,2051176.82590476,1865185.36533334,1991723.90981819,2114477.76000001
"M281.0686T2789.3",281.068591106458,2789.325,403697.763722227,311745.340526315,364608.3108,113534.49,300199.865000002,269089.570105262,476559.337578946,315518.085000001,286027.47645,266741.438476191,283748.90925,295382.795000001
"M281.2T3649.7",281.200012207031,3649.674,2772936.69927273,2553705.3469091,2531423.5909565,1521876.3986087,1061126.81927272,1272520.87927271,2219966.32990476,3271118.06945455,2267969.68618179,1798533.40109091,1370601.44139129,1189252.71469566
"M282.1767T3470.3",282.176696755388,3470.3165,745727.15505263,4632131.53431585,772077.813882348,949999.735052629,231363.317545573,153129.106160482,609642.461789472,863350.164210524,1100345.79368421,419170.930285715,547837.99536842,265745.791058826
"M283.2T3883.9",283.200012207031,3883.922,414367.554944449,880917.95504762,1102490.17295238,485863.612954547,488737.758476191,479697.692045456,214465.971289062,2341040.004,806746.587818184,671217.807869564,573786.613826089,479045.105999995
"M284.1T2718.7",284.100006103516,2718.697,733321.817263156,939243.851789471,650687.012347829,550520.828896549,432174.119619048,524801.28765,878794.629789471,779270.236947366,573395.647846152,577530.179586207,400051.2984,576682.154999996
"M286.1792T3258.4",286.179202439571,3258.434,1557473.39966666,1463433.9274737,1485022.37642105,1084076.85885,1181006.73195,894860.379473696,1668944.39244444,1362196.34499999,1305651.23894737,1203023.55547368,1153278.57347368,1195802.41499999
"M288.138T2796",288.138037861934,2796.024,233984.233555554,295667.56845,323173.547333337,286756.260947368,318510.608000004,401680.332812503,988202.948777773,213838.28364563,639029.414444452,395495.063894736,544135.329894735,1734884.89155555
"M289.1269T3114.5",289.126901446668,3114.535,306747.825000001,290552.823263157,240938.009999997,206526.451500003,195948.525661892,230682.631789473,349864.328526315,211289.409222225,225114.294999998,166132.575000001,222710.724763569,246824.040930176
"M296.094T2726.7",296.094032800912,2726.729,136683.812722224,202807.78926316,172459.05495,134822.00745,84668.4898499999,84544.5586666663,180084.753473687,102759.465,149853.3522,126363.644952381,86857.5000000002,96876.32088889
"M300.1898T3390.7",300.189811573728,3390.6985,4534353.62273683,4980914.48421051,5290739.13866664,4564262.89684209,4733236.07999997,3931592.586,349660.88536842,491793.181333331,645526.704947367,634108.848947367,1438254.44559999,1364627.844
"M301T2789.2",301,2789.243,2739847.25473688,1732887.9144,2330865.11542857,1185809.87781818,1908462.9730909,1339885.1508,2844473.37600004,1716199.2876,1636414.36647619,1250314.07066667,1576059.46290909,1336835.52000001
"M301.1879T3391.1",301.187865077156,3391.126,962353.429578945,1047934.14136842,1109303.04472222,946943.392842103,984787.204999993,806171.472899999,80639.2842881944,118940.899088542,134531.38671875,102784.647854275,203982.760512408,291392.971409092
"M302.0013T2622.7",302.001290710137,2622.6895,643996.186421051,790351.629263156,444524.0475,385833.770608697,399591.811047619,454476.256,667080.72505263,653312.380000003,343121.412260867,327247.192380953,424152.173714286,504934.2474
"M302.0027T2789.4",302.002672858962,2789.394,494305.840736848,319649.88968421,450510.293739132,222683.876953125,350811.965000002,251603.2713,525006.2961,305139.005000001,301177.067227273,205882.874421772,267340.425223214,263387.935000002
"M304.1T2924.5",304.100006103516,2924.5415,1948205.59866666,1198308.81915,1243865.55189473,1045968.56747368,1419171.7776,1626956.84294736,1675019.50652631,1672881.4716,1125530.49168422,1313723.88165,1820963.30040003,1501736.01431579
"M305.1T2926.2",305.100006103516,2926.185,994373.817684208,888256.440000004,1063314.6672,1096130.20647619,1246073.69263159,1214950.01936842,1681341.89389473,1149447.58231579,810315.662842116,859584.524190477,2251478.21104762,1721307.2844
"M305.1T3505.9",305.100006103516,3505.943,557848.32141177,990038.12611764,1523254.27341175,748182.724500009,643288.347,635215.26673684,1196708.95270587,1030918.10738888,1237490.77405555,708628.753666675,461331.948974609,585316.919894735
"M306.1T2927.8",306.100006103516,2927.78,215368.056842105,409645.009999996,246498.779428572,247480.004571429,265343.086105267,270333.703263157,362282.185894736,292946.1204,193570.524952381,186105.9595,467150.934999996,374561.3928
"M306.1116T3506",306.111578780702,3505.9955,125473.85364706,218249.82635294,337795.682823527,159274.083368421,153809.5458,139507.233157894,266504.78752941,212509.622117646,272840.239166665,154863.772333335,96810.1491292318,97107.0398763021
"M306.9929T2623.9",306.992923318396,2623.8665,349067.118111109,420085.7883,226991.30265,117984.0625,197855.364571429,175941.336380953,338093.36295,319222.440000001,184048.866692307,77058.8286987305,184966.135350003,181595.7605
"M308.1218T3258",308.121772465821,3257.991,312927.856055554,1931395.44421052,246074.480470591,237549.176999999,146735.965000001,114054.477882354,209238.895058826,355567.999999995,145089.129333335,121584.974823529,247134.923473684,123431.55
"M309.1T2923.5",309.100006103516,2923.461,820897.836947366,406371.448105262,490685.200666672,258387.32955,570486.873,448465.402421051,655900.74105263,535264.54335,450819.841350006,323317.10505,621911.130000009,366731.331263157
"M309.2T3659.6",309.200012207031,3659.554,474829.718086958,357127.8498,375113.818434784,72220.1207987467,83873.0450000001,8979.21173095703,406958.041904762,499268.32304762,311566.800454546,223811.974318182,144582.6006,10970.9519958496
"M310.2T3637.6",310.200012207031,3637.55,192388.209199998,232015.944999998,197712.638812498,74611.4379882812,131799.345882354,128400.293647058,272303.463222221,161525.214999999,111250.912630208,57473.3469509549,101874.696494655,34266.3533742804
"M312.1T2999.2",312.100006103516,2999.1905,293193.90661111,263174.5116,296169.41936842,158153.847,243862.618526315,264121.30635,241411.910947368,288181.927999999,230302.349578947,149743.8057,192635.850000001,211505.766736842
"M313.0012T2786.3",313.001212832892,2786.2615,1704155.4324,6856948.35031588,897619.326149999,1642799.37219048,806366.75352381,307398.43365,915830.649299999,4877627.9578948,7685168.97959999,4134979.77904762,4114991.6389091,760122.81915
"M313.1744T3289.7",313.174369604539,3289.6975,1225817.54999999,1075844.97768421,862661.587368432,530671.4151,462568.708105262,469316.761157894,1230795.81499999,1269568.8174,750402.914699999,564428.002421051,509199.444842104,457307.085000002
"M314.0046T2786.3",314.004582029234,2786.324,388253.14035,1499485.01160002,171070.656631579,390983.008,178926.450000001,77007.8809814453,165809.822937501,1015506.86694738,1678104.69790476,925856.843227275,823072.932899999,162686.444999999
"M316.1711T3089.2",316.171137205312,3089.176,106306.469184028,125047.119473686,67253.0099999992,85672.4376627604,82592.9269883898,159768.606736844,1363190.24172222,70080.2165270354,302041.101894736,198404.027368421,172667.1933,1081830.44499999
"M321.1537T3654.4",321.153701164906,3654.355,297015.323359998,282316.235045455,323305.086399998,38719.5805333336,96046.9003333329,30523.7012894242,52232.1549362909,422866.367727274,293428.122541665,200103.610400001,117510.871863635,25054.9382324219
"M322.1487T3505.4",322.148665499173,3505.423,648546.052235301,1058978.4797647,1722624.64941175,1324834.36378947,650881.4844,937782.190947366,1401260.84894117,1450700.3701111,1509039.62368421,1351949.24577779,536634.537157893,904041.925684208
"M322.1212T3391.1",322.121163286913,3391.143,238208.46368421,272654.010777781,378948.167333332,273593.9487,247266.869999998,196256.131591797,22930.2129760742,32122.507421875,61130.9509277344,28101.7456787109,35036.7928659539,33834.4141909951
"M323.1439T3505.4",323.14394325296,3505.423,158127.916235296,277326.355764704,397502.883529409,307340.01368421,155371.3659,230601.254526315,323742.511058821,330337.862999998,354443.364526315,313828.285473688,136403.942526315,222893.888736842
"M324.0943T2791.7",324.094340549664,2791.6645,339832.022400005,284679.760000001,341633.138608697,175297.955891927,264128.199916667,283695.318260871,455424.617142858,379752.33195,303409.426791665,224206.885541668,241936.248091264,303097.266454546
"M324.1584T3275.3",324.158399885216,3275.343,221263.213578947,388214.928736847,186860.975578947,162564.375000001,148367.965157894,182694.969999998,30138.044921875,48752.4502088759,27555.3068462171,14009.294921875,25899.0799967448,19821.3821072049
"M326.2T3418.9",326.200012207031,3418.8865,4809521.44842104,3931304.6352,2913711.5472,2819100.93,3284987.2808421,4346409.703579,259229.27265,314154.3228,161900.583619048,200939.740000001,247976.865157894,237853.6206
"M327.1T3505.9",327.100006103516,3505.943,190747.102000002,275564.807444443,465617.920555553,263114.601052631,185070.329999999,202417.739166666,356507.684470586,296447.42611111,416275.22222222,248423.975944447,115602.492675781,184970.519157894
"M327.1989T3420.6",327.198887208875,3420.574,1108851.28263158,950126.528549999,674222.71365,677091.267,772290.305399999,1013977.91336843,59918.1294433594,30491.3351408306,22437.3347710503,5419.75264246324,49788.1628160979,8876.29371402138
"M328.2T3618.7",328.200012207031,3618.725,6463382.8665263,5630552.3844,4398403.51494736,3085430.3808,3289887.96840005,2626186.4136,402409.00136842,573880.805000002,403748.596315788,412858.154947367,385802.428650005,297208.544421052
"M329.1051T3499.4",329.105092281085,3499.3945,325363.790117645,367926.805000001,409585.08472222,291867.379052631,259407.67695,211961.166421052,432441.760235291,481405.639764711,382402.714210525,227057.789444443,187019.34975,161229.429999999
"M329.2T3621.7",329.200012207031,3621.651,1521141.36168421,1315446.8916,990625.76873684,707798.715899999,759301.2204,605854.743,114347.574315789,91557.5106811523,90124.3022460938,54205.2787155878,42964.0772372159,7832.00046705163
"M330.191T3618.7",330.190995048881,3618.725,201588.695263157,167042.482105263,143015.845157894,105447.718631579,92547.857473684,95737.3811999999,3154.95489032452,1100.82177734375,4871.03741096048,12609.7134399414,10502.7983630952,10531.4762073864
"M331.1459T3497.6",331.145851824147,3497.629,466357.165411769,490815.3,438999.397375004,372786.981055554,320962.880526315,307401.046631578,600145.551529418,402078.234999999,301914.002249997,414769.745666665,312639.4512,388149.200947373
"M335T2786",335,2786.041,382769.55555,1344842.91240002,190478.179047619,255464.744954546,163243.312761905,47842.9495849609,215083.925333334,843755.312100012,1435113.39672728,591752.314695647,763566.362000002,130790.895238095
"M338.1T3023.6",338.100006103516,3023.583,396319.791157894,441040.4688,411133.582947367,212310.14968421,341346.319999999,356067.779894741,364577.282499998,358070.434999997,360865.908526315,214432.218315789,438100.755999999,354304.084210531
"M338.2T3649.7",338.200012207031,3649.674,614212.525444442,605655.000000002,622113.929944452,335737.548631578,364966.68435,356312.810888893,557322.100055562,641973.074944441,476072.638947367,342120.329722221,339368.22652632,328142.859052631
"M339.1878T3319.8",339.187782065975,3319.8485,3474207.11095652,3533684.34573914,3243829.35860867,2482697.10469566,2321804.12254546,2311412.82436364,3467091.654,3924276.99699997,3301294.56208693,2476099.24800001,2415701.39527273,2138854.67636364
"M343T2684.5",343,2684.479,20269361.9199999,21948623.1359999,17930719.6444444,15378115.2937143,15793756.4586666,17800198.0504617,22065406.8258461,17773756.4603076,14333257.9034074,13440374.5721379,15108077.3262222,18737045.9022223
"M344T2684.5",344,2684.479,4426345.38367998,4808488.3033846,3954886.76207407,3374426.07171428,3500474.55514285,3862062.16338464,4933534.99015383,3982326.32769229,3276619.29422222,2910182.54628571,3298613.41107691,4092027.59644448
"M344.1385T2911.1",344.138498107545,2911.0685,64067.761640625,781070.545071428,669103.342879997,621011.554461533,548931.574999996,475386.242272728,145148.378730469,706044.223680005,695608.329583337,623623.088423082,619525.598086959,532428.835454547
"M345.0154T2684.7",345.015424623083,2684.6985,703795.376159996,744691.642961536,602322.945185184,508404.360115383,553315.795724136,600422.533615389,763241.946719996,611646.437769228,486979.557919997,458777.105178571,524993.430296295,644033.316807697
"M346.1308T3499.1",346.130767644841,3499.066,732502.016470583,890001.415000002,917425.206388885,952137.453157892,472769.83005,562731.599473683,994786.157647052,1435435.90200002,879991.735277774,751993.204315788,355132.53855,466886.449999996
"M347.1336T3499.4",347.133555659589,3499.3945,202822.159749998,236859.620000001,240054.653055554,247355.581052631,134452.883809524,150277.45365,271151.097882351,381682.125277782,238818.793157894,207879.78368421,101642.092190476,131434.959999999
"M348.1604T3497.2",348.160438700133,3497.1585,221323.833000003,202071.234999997,204324.223263157,187851.587263157,128782.8654,140879.9289,284864.7186,223959.324999998,150425.589888888,215002.2207,121967.757695652,176025.280000002
"M348.162T3287",348.162042921863,3287.0155,165830.902999999,183665.009888891,150844.995000002,134637.11694737,136452.455894736,167008.053263157,22601.9514878217,17421.5567355686,16138.8273654514,8383.03004150391,11539.4132486979,19319.333984375
"M351.1154T3499.4",351.115411831091,3499.3945,185786.686588234,191451.145,234594.071999998,186826.255126953,120076.846631579,105565.08968421,216720.878823528,242060.911833336,205668.513052631,152688.705338542,88486.8190526314,66543.8
"M352.1062T2789.3",352.106214288224,2789.325,265882.992947372,181651.115,227777.569136364,135104.090600586,116138.65,128637.698681819,269970.649565218,204617.523809521,251136.397826088,93027.6831298828,146512.79452174,125350.239999999
"M352.1518T3495.1",352.151769091188,3495.123,165714.372571429,354074.63235,161146.276571429,94089.4858886719,48234.3752000003,77757.6706499999,65660.2301513672,77334.0868652344,50596.6446261936,27340.7900390625,38068.5435424805,16094.7898530506
"M353.1278T3497.9",353.127765068609,3497.9115,223895.036722225,261258.573473688,205854.357166666,124798.5027,128120.89155,106673.072421052,245539.783333336,159550.185,120134.525222222,127073.726315789,114163.62,108292.97505
"M354.2T3611.9",354.200012207031,3611.89,1135610.95,904522.364526313,832780.319999991,532867.708842112,570306.90375,729939.965999998,112167.158823531,154475.666111113,51277.2249999999,52098.932604338,11468.9308837891,8335.9423828125
"M355.1853T3608.9",355.18532801429,3608.863,334039.86,257216.861647061,222655.68,126090.440470587,154979.578222224,218179.85961111,46450.6259765625,139505.407555555,44183.1363932292,131022.088526315,30192.6254150391,36449.2690795898
"M356.2T3830.4",356.200012207031,3830.3855,1189376.08455,2242782.41178947,1535138.25094736,932580.305894734,1206594.76536844,823710.047368432,181130.138315792,521478.345000002,258986.269894736,237846.960842105,197582.429999999,246931.89555
"M357.2062T3831",357.206233035976,3830.958,328565.94735,567776.989789472,391437.15536842,254805.159,305032.22925,218120.799263161,51391.9258449389,148383.910000001,78767.5706343217,85015.8261311849,35079.5672607422,97795.0408691406
"M359.2T3701.2",359.200012207031,3701.2325,462141.392761905,616424.640772729,407618.335000002,285184.520944443,437009.1576,413134.2804,370926.01395,771634.200380953,272933.080842105,446149.144380953,382811.8092,521506.296380953
"M360.0252T2688.5",360.025182210862,2688.5105,9748523.95007995,10851568.5046155,8797145.08325924,8702183.13066665,7372829.19942853,9376844.92385183,10710925.3839999,9496878.38208006,7457843.56342856,8053174.83475862,7425235.49451847,9956697.08544001
"M361.1387T3168.1",361.138695915868,3168.1065,1170645.198,1498158.48700001,1046203.53066667,737098.285772729,690755.286818184,687633.816380953,1152980.0424,1279489.62186362,974223.545904763,778375.526863638,696882.684952382,648550.695619048
"M361.0531T2688.3",361.053138645882,2688.2635,2206508.13138461,2560830.27437036,2364088.7256,2322160.13866667,1625820.32355554,2088472.47230768,2461531.84383999,2144658.74304001,1938517.95013334,1912069.57165715,1753050.83946666,2204020.80864
"M362.0584T2687.4",362.058423208725,2687.411,770409.316173906,934352.596434786,641678.300458329,632941.445555561,600784.374249996,605451.080000003,704809.468695646,658928.806227274,491933.697374997,514541.882482759,568139.948479997,586544.850916667
"M362.1253T3168.1",362.125296840184,3168.054,312079.1991,343880.54805,307965.840045455,216211.697021484,78704.0216470583,244520.044708335,292404.155999999,364509.212727269,296741.986045455,251609.305958335,212262.723214286,217405.324956523
"M363.1568T3261.3",363.156814864536,3261.31,405917.61336842,390905.073263157,306254.4552,189293.2221,178701.912380953,165307.23345,430759.587894736,485668.14795,269878.7574,208853.849904762,184987.695000001,165467.711310136
"M364.2T3715.3",364.200012207031,3715.308,382350.35655556,233404.075263161,217897.202687498,55527.3819580078,187667.23905,160307.879294117,371077.150000002,308697.815000001,155474.925,125466.05,9513.84160907452,7497.12554931641
"M365T2686",365,2686.001,12540961.9885714,13086927.3322667,11725804.6293334,7176350.08193936,9905615.66109091,8655442.52159993,13169757.888,10032806.1351724,8963502.49275003,6327210.04412119,8737740.73238712,8426676.80129039
"M365.1784T3392.7",365.17838872013,3392.748,372091.887391306,358191.491227274,358265.56845,208369.265999998,166786.861938477,178104.497140067,381820.099125002,455203.598347828,317859.043047619,218376.887181819,178224.848409091,162129.227887835
"M366T2685.9",366,2685.943,2864111.74041378,2952706.01703227,2484968.45832259,1546876.71483871,2118036.4905,1929729.09733332,2914143.2096,2259649.11013334,2003961.26400001,1404628.31174999,1879524.96666667,1802965.95306668
"M366.1053T2789.9",366.10528678965,2789.8945,652282.58273685,553363.1901,747021.662545456,818030.943130438,942350.69672727,771053.994899999,722235.730105272,532891.18305263,702447.949304351,868236.678079996,810665.234000002,884880.735000005
"M366.2048T3842.2",366.204760696495,3842.1905,428862.871684209,545334.079578946,416711.84172222,278174.089578947,281201.17065,231209.970000001,544398.788833331,466799.453611109,386455.205833332,318069.292842109,279764.54655,249253.396499999
"M367.2T3528.2",367.200012207031,3528.1765,2734570.63266665,2693665.4976,2455930.08834784,1617637.17527273,1607496.26981819,1598231.7389091,2784614.70591999,3238645.75776,2423942.37704349,1712150.07234783,1657051.08313044,1517655.35927273
"M368.2T3528.2",368.200012207031,3528.1765,841651.137599996,730786.341600001,636622.748086959,457324.643833336,441341.213478263,438156.526956523,866902.619423074,887056.302153848,637453.740000003,466716.983478263,436644.227545456,401560.018695654
"M372.2T3282.2",372.200012207031,3282.155,36499.4311908923,5201100.80430768,3894763.17394285,3037266.13622858,2934672.46500002,2365565.97733335,13476.6231689453,3457744.20654547,3646832.88496552,3227975.36506667,97918.9199999993,2606604.10226088
"M373.1889T3271.9",373.188871986092,3271.93,37902.9501065341,1170804.48141177,1009312.48438889,739726.507303031,703978.476782611,575113.410240004,37197.2446607507,822775.278321428,845697.310214285,789026.458966668,825939.566357147,105370.371750001
"M376.2T3686.3",376.200012207031,3686.332,162499.439894736,219938.407619048,20308.0128173828,131973.329944444,141468.112210526,148533.849578947,115815.278555557,322572.679619048,25877.1746897978,165280.880761905,122884.362210526,193350.13409091
"M376.1857T3459.7",376.185740728504,3459.74,185802.723999999,178779.587368421,140389.601166666,95461.789473684,60333.7698296441,88793.5487368419,20430.6397162543,24657.7887641059,16599.8870391846,6121.1602608817,9672.18876139323,4947.62022569444
"M377.0453T3074.9",377.045265498656,3074.877,94719.8274444455,125213.21445,94550.813444444,52058.0927734375,85111.6179090911,66383.2397647066,92796.5107222233,92967.2633684208,65916.8872941172,37110.3056030273,58959.7414981618,45675.8308124996
"M379.1288T3327",379.128802419034,3326.9605,606273.861176477,1073198.75,1271171.50838888,1839451.65642105,1075704.37635,1466693.7128421,798946.392388898,777467.417578945,1171788.14649999,1529429.32294739,740580.850285715,1523458.64000001
"M380.1T3154.1",380.100006103516,3154.051,351524.386366102,1911798.7311111,1717570.34622221,1756725.2328,1765811.49305265,2609852.5285,1074832.19282758,1434540.75377777,1563407.46021052,1610769.02736842,1355144.26442105,2022633.25155555
"M381.1052T3154",381.105206321437,3153.966,73908.0230577257,412013.018117651,365480.255444443,390842.162285715,371351.680350005,398323.5936,80672.2485758464,314270.578388887,343710.955473683,333494.979052631,302289.928526315,445468.648892857
"M382.1089T3244.9",382.108878723042,3244.896,339224.017354329,1242416.70553846,1084915.21824,944606.182999999,846849.934719996,1212011.09309302,544489.261970586,1016638.70495999,920957.342481485,883904.547076925,794106.697571428,881742.631764707
"M382.2025T3787.7",382.202515776156,3787.7025,710639.895000002,580437.413999998,433480.221444442,286404.147789477,317220.05985,323722.842833332,102300.919999999,94799.8749999999,91501.247366769,23967.7560424805,22195.1153320312,13452.1118164062
"M385.1347T3177.4",385.134652347896,3177.395,1137379.05585,1228016.54433334,1151942.66819048,903258.899590911,877203.971363639,760969.049904763,1245689.57561905,1413865.61828572,1123948.8,896498.295954548,808884.315727275,856576.685714287
"M386.1474T3177.4",386.147360375649,3177.429,325325.430857143,269560.619263161,312436.483047619,275222.643652172,226770.837182617,221569.394454546,345949.41195,397554.792909092,313348.850285715,243353.225142857,186412.14915,242389.549727273
"M389.1913T3353.1",389.191256135038,3353.081,1199783.26247619,1140158.58877272,1008373.96755,673382.3355,659322.262857144,724902.054449999,1231191.85676191,1357790.24457143,959959.109399999,677888.857904762,648895.56285,642441.70905
"M390.188T3352.4",390.187964545076,3352.3655,348186.255238096,335515.299863633,282058.76325,188020.91775,181618.983619048,216997.53195,345712.06552381,389364.847238096,279306.0162,203101.084952381,194945.8215,193556.440380953
"M391.1249T3615",391.124919217445,3614.9505,6899364.31244452,7039984.5945263,4933377.64294736,2162710.8216,2159509.08952381,3583241.21010531,9246372.59031577,5176181.16000002,5942055.07957893,2106209.8668,2644093.46438095,4596621.21840006
"M392.1336T3615.6",392.133632035849,3615.563,1832399.7097778,1878963.44757894,1330574.59073684,610131.75135,566597.97225,973222.060650013,2482519.82905263,1410152.64000001,1584953.65557894,554438.31075,709070.534095239,1209064.72050002
"M393.1628T3621.7",393.162812324827,3621.668,399851.877368426,382029.020000002,273051.506666665,95326.2902367001,43350.9630237926,198823.767600003,431680.535333338,171663.092470587,328382.8482,86402.6573597301,114428.737777777,230953.75605
"M395.2T3702.1",395.200012207031,3702.068,420647.60535,421290.990521735,354284.247130436,75457.6216987942,146232.0579,158797.283047619,263984.711789477,702781.285043472,230011.65615,186350.810000001,177711.29752381,156146.469681819
"M396.1954T3327.7",396.195390115596,3327.714,212417.290588237,418476.315999999,493690.08165,794110.40325,372788.871619048,603055.04745,289612.708941179,297155.8359,428490.414210525,650558.01073685,264918.504999998,614589.585000004
"M398.2T3329.3",398.200012207031,3329.338,14990.4297049386,11278.4579655172,91866.815135035,1376143.44,1441434.45786667,1130981.79972414,28052.8728869208,2069349.49174468,1716650.13046155,1641655.02857143,1422532.59085715,1186504.83970371
"M398.3T4060",398.300018310547,4060.012,302032.712833332,199444.344722221,99237.0843353271,56563.1009999995,100635.107294117,92674.4450555566,3885.29265485491,15338.3451021635,14236.8735046387,14718.5422973633,0,2084.73628504136
"M399.1053T2798.5",399.105343249777,2798.53,517279.866555553,122451.86,264044.699999998,347198.380000001,108961.805348116,91370.3087660846,541969.995055553,103373.511499999,287810.497722226,341704.692947368,178355.78655,131298.838888888
"M400.1T2786.2",400.100006103516,2786.199,85572.139078776,229736.574476191,77698.2169596354,166283.376674107,59785.7112862723,28640.4114815848,158828.073368421,187919.741818182,293209.883636364,303195.027499998,247167.668086957,52709.8400297619
"M404.0893T2690.7",404.089279257838,2690.6925,299182.047321428,215939.62575,128681.339428572,165838.619941406,200954.042785715,322108.774107143,314592.250642857,255091.583275864,157515.3474,123534.382873535,231130.250300481,260515.15140625
"M408.1715T3440.6",408.171452275976,3440.63,108910.260374999,573379.772952382,853918.232489794,233681.4639,270934.486010742,231425.981789473,268866.145086956,597722.607238096,751128.358897962,146992.376421052,236742.739514803,245023.809473684
"M410.2658T3940.7",410.265769844757,3940.722,980012.029555551,1319875.61499999,1375014.96194446,949318.774166662,899985.582105275,799401.791222231,137450.635499999,203674.389555555,223544.906842105,170066.696949678,95536.9471435547,117574.963989258
"M411.2339T3940.1",411.233919541902,3940.146,304741.631666665,426745.765000001,437071.768944449,304811.058736841,285571.595789477,275335.275052631,15555.3791503906,20997.0591107537,89844.978515625,77637.6640625,54218.0600011489,66297.3636474609
"M412.2905T4114.8",412.290464903296,4114.849,3412993.59866665,2118700.86484213,1679362.23547368,655969.59873685,781156.103944441,594736.338105271,486799.443611109,248349.443267822,156837.338731554,100092.983714384,75226.1810980903,143538.665771484
"M413.1079T3616.3",413.10791049177,3616.3375,778922.183619048,855168.641391303,665025.143999994,120558.373411764,156926.662315789,327900.843600005,389790.514285715,788643.537541671,676852.859428572,156450.918315791,282687.129272728,330997.879650005
"M413.269T4114.8",413.268989915107,4114.847,991447.078611106,626592.406736831,495456.716277775,202687.288315792,230747.928444443,186556.157226562,151907.275058822,80185.2854614258,53086.3847927517,30423.2506781684,27441.6379123264,38200.4235839844
"M414.1865T3061.6",414.186547834526,3061.631,252452.207454546,352227.449454546,183836.884046053,125159.006437499,95257.9694117657,276920.271772728,784648.344380953,192081.84,258999.619047619,212392.869360352,169402.106222221,640714.522826086
"M416.1T2687.6",416.100006103516,2687.607,439237.663333332,508248.313677421,418352.632558826,225538.360385237,246859.246614583,263207.048766667,470797.966344828,408736.973156251,322456.686766664,195945.303000001,274479.14109753,239773.255592591
"M423.1499T3256.2",423.149886763171,3256.161,236249.54685,255168.615619048,212710.776210526,180690.966857143,191746.741263157,152861.1861,28460.8862561678,16922.3355006168,34168.3646065848,26264.8861083984,49600.3713867188,39868.0231445313
"M426.1T3017.5",426.100006103516,3017.5275,792979.175894747,843517.439699999,588996.111157893,282697.26285,231450.980000001,120684.850124999,821819.407949999,919600.63242105,386864.379157894,295901.813368425,318466.789473683,237842.66595
"M429.2T3887.3",429.200012207031,3887.292,580907.655000002,238723.331368424,574589.749999994,488037.314666672,1374609.07978949,1573595.45733333,775416.810000001,3609938.72711109,767394.620000002,1220814.245,1236769.33466668,1448950.76222222
"M430.1T2686",430.100006103516,2686.001,1911680.01791999,2124743.95496298,2487771.1712,3076213.27122579,2957369.11062068,3015873.97428571,2006604.23167999,1906550.55881483,2222892.7003871,2633887.04441379,2700539.93057143,3080688.13896297
"M430.2T3886.1",430.200012207031,3886.102,31415.3200683594,66485.3358,193756.39,152015.414171007,443495.87535,536046.680333331,246396.73,1173060.44633333,263236.130000001,396414.500000001,422852.6199,479482.659263157
"M431.1024T2686.7",431.102372495927,2686.658,559442.450769229,796036.924965517,718791.792,910517.598374995,844283.422965514,847285.748964285,589107.861692306,533617.455461542,603054.767172414,757021.325666668,838407.270972977,922359.397206902
"M436.1959T3621",436.19586304041,3620.9655,375812.224083335,703821.217388888,258360.7254,28347.6710526316,93147.2323157892,179091.58552381,383207.74155,292975.825000002,292767.7161,80397.4558888885,136055.395047619,125526.432533334
"M438.1665T3457.4",438.166484091307,3457.413,3472534.68000002,3562086.93818183,2785907.04254546,2003832.92869563,2084213.72800001,1943269.08092309,3299908.92000002,3440934.41709092,2944405.6389091,2185618.27826088,1841180.79533333,1891047.58527999
"M438.3T4057.2",438.300018310547,4057.178,1688005.87,886542.592722218,972109.140000002,509452.014444442,466565.583684209,477464.549999998,167854.075,62114.7805350167,53916.3271771599,47849.2063419118,30408.1431070964,47910.207546658
"M439.1625T3457.4",439.162470670454,3457.413,865853.723428572,875625.286095239,662970.166857144,505118.47133333,516781.091200003,523444.559392857,812861.000000006,839774.953500002,727318.884818184,529271.425565219,474139.061120003,460491.044959998
"M439.2884T4056.3",439.288448866436,4056.2775,543352.35,290968.55561111,320746.750000001,172128.239444444,159371.110105263,162830.904499999,14367.1407470703,25746.2865339007,17714.3268612132,20784.9940592448,18524.748046875,24675.7139185855
"M440.1772T3474.1",440.177192482946,3474.109,432281.500961542,476358.757074076,346995.081333335,258854.960017278,257958.53325,267386.753662109,452757.012639998,464760.712730768,369651.740192306,277043.008791668,269703.641440002,254998.71052174
"M444.0977T2686.3",444.097716842693,2686.2835,348573.720782606,304396.915500002,238158.742719999,250968.947478262,214580.687384614,225079.871739131,352281.102782606,238866.837045455,116900.377904762,223410.559680001,176842.748952379,215947.035458334
"M447.2T3868.6",447.200012207031,3868.6155,1440194.37714286,4874466.86613332,3731989.11171428,2248041.6662069,1764225.35485713,1860855.21314286,1142399.91999999,4602424.45356524,4399067.99006897,2130744.37075862,2138575.29599999,2555248.61007408
"M452.1033T3077.3",452.103343241631,3077.281,2293581.68990476,1954888.43580953,1448580.318,824219.305318184,774503.242434786,724081.557333334,2491178.83733334,2724873.81527273,1266409.54514286,986976.639999993,867737.561318173,692466.389333334
"M454.1134T3291.8",454.113379444055,3291.7545,12268923.9199999,10171632.072421,8239735.84505274,4480131.32631578,3948637.64126315,3703141.2176842,12986144.6399999,11904316.7595789,6945636.2076,5104758.15915788,4460650.86147367,3685764.04210525
"M455.1242T3290.2",455.124164550278,3290.1745,2991215.79999997,2443696.61473684,1960040.24084213,1085377.07210526,949750.90842105,919907.362105261,3152523.47999997,2907910.08252631,1680693.702,1220496.1928421,1137137.70631579,968337.788315787
"M456.1525T3290.6",456.152540320498,3290.5775,525963.634999994,461602.34685,358023.964105268,206175.170777777,204643.472526315,173109.45961111,584342.9403,527278.6035,328865.864736841,243418.173473684,248845.955000001,226419.504999998
"M458.2T3044.2",458.200012207031,3044.237,347732.419047619,588548.105454547,270001.607727273,237943.184761905,263382.182608697,309530.794590906,1742958.73527273,292667.214000001,470208.722285715,311438.474181815,341058.368863637,1255857.24327273
"M458.2495T2946",458.249458852124,2945.977,35049.7337239583,1203598.61638095,71857.1374897204,25214.7369249132,15313.3532714844,52563.1752415707,550533.033142858,217481.432380953,144399.42,86053.8469880757,86757.5522105261,142886.954117646
"M462.1987T3287.9",462.198702845658,3287.932,18023.2788722826,10291.1660000001,566169.970434785,743806.708479996,914624.248333338,949825.104999992,12826.7287703804,896643.627743588,904380.338181814,828449.181303031,803904.302400005,819482.187909082
"M463.1817T3044.9",463.181722575075,3044.927,224751.8592,291709.31936842,183235.413754112,124567.251657586,161527.160058594,207171.526095238,708094.49145,96589.7343529405,253796.152380953,136165.331208882,213874.512954546,513779.920956524
"M464.2T3466.7",464.200012207031,3466.709,9624482.18209525,9579511.7104762,8022734.95439999,6292707.26654547,5782601.98539133,5812679.36909092,8298241.37752382,8508758.77180953,8752916.3824762,6446999.26509093,5184218.6629091,4972837.12254547
"M465.1983T3467.2",465.19826594189,3467.1615,2655185.84685715,2583915.22945455,2123612.1108,1673537.35163637,1500152.90763637,1540065.50836364,2225149.45219048,2315741.41561905,2326307.97409524,1657923.072,1367031.61418182,1327832.63272728
"M466.2T3678.3",466.200012207031,3678.284,3738130.26573915,3551395.16872728,3135583.8984,2367438.19709092,2793018.19600001,66593.8799999997,1963051.96034782,3910388.16000002,3098663.598,2508631.18628572,2447538.83054546,2389184.80545455
"M467.2T3678.3",467.200012207031,3678.284,986922.615913047,1099746.42296297,860519.056499999,662154.177545456,740599.629714286,685996.876190477,533336.667272725,1042023.17008696,857864.64152381,682214.386285715,64334.5806250005,701362.548727275
"M468.2T3130.3",468.200012207031,3130.335,254514.739722221,156270.331058825,341179.963428572,248560.635986328,301389.02565,293268.006947368,264905.970833336,296463.629473683,352944.19863636,252340.912224265,258240.22425,879724.129777774
"M478.2055T3616.3",478.205492588189,3616.2605,1369781.95560002,1224491.9976,1694280.04571429,1268675.59619048,1376508.97890909,1760947.01714286,1870118.0952381,972088.795000004,1865883.6252,1180443.34995,1489173.18654546,1450420.6992
"M479.2268T3616.3",479.226779235866,3616.2605,454970.088750006,428987.876571429,570663.015619048,403231.890285715,451095.017818183,554518.123200008,620010.65904762,345749.190000002,627057.639619048,393566.1456,489646.10809091,508116.563809524
"M480.1633T3319.8",480.163308406713,3319.836,42230618.1982608,40615554.4820871,34709483.6869562,24831778.5933914,24423707.2465455,22059398.9585455,43470430.4373333,45089228.949333,35235910.0215649,24908899.6507827,25487175.2378182,20970591.2232728
"M481.1632T3319.8",481.163176430925,3319.824,10921240.1864348,10828009.3066667,8944328.68945457,6564554.42086959,6360075.4298182,5756178.25018183,11197391.888,11492653.3706666,9045799.24591297,6573155.42191307,6630787.52690911,5581303.96945456
"M482.2T3597.7",482.200012207031,3597.674,7209760.65828562,7566667.90400002,7111090.85636356,4489166.0109091,4661342.12266667,3662907.56981814,4724676.26189473,7207719.96038096,6482971.73333334,5271047.57028572,4629567.32952381,4094547.07272728
"M483.2T3597.4",483.200012207031,3597.355,1910356.15085712,2037483.18072728,1856083.60228572,1183593.90218182,1225570.54780952,993675.71340908,1335002.5068,1926872.19345455,1750445.47781819,1396114.72945455,1237338.98971429,1124263.34545455
"M484.1939T3599.4",484.193900760976,3599.3505,369011.076571424,386938.141272728,361278.646857143,236337.870500001,241059.338363637,186950.491950003,285351.852190476,362164.409904762,324952.972190476,261192.47859091,234621.99885,220221.96859091
"M486.156T3467.3",486.156012418208,3467.284,300614.063217392,317441.045956525,333286.343619048,271452.663391305,187876.377833332,190974.995333334,281818.935391305,252367.699909092,311629.398636364,260242.879826088,176497.753760001,114901.56568421
"M486.2T2797.1",486.200012207031,2797.149,252488.136666665,45156.51,214907.560777777,309458.405000001,109864.000105265,85280.0825555565,266156.361444443,75710.4472777774,202150.133666666,321050.517578947,152254.217142857,103425.613388888
"M491.2T3398.9",491.200012207031,3398.9395,432037.001363632,332159.07255,386966.75145,334951.452952381,294816.23565,373577.607619048,7428.20484619141,9202.83286132812,33500.40703125,40074.2493318257,7483.45240542763,2731.73352693257
"M492.2T3640.9",492.200012207031,3640.938,606211.91457143,598203.047619048,530440.60952381,334754.268952377,407576.761818177,418373.733,205483.033333333,554774.054095239,485690.796190477,388397.11575,374965.720380953,417547.087227274
"M493.2T3665",493.200012207031,3665.044,668974.061625002,669101.855739133,485466.241600003,228960.00975,270604.115227273,118918.315058823,75939.1607299805,175815.577052631,136892.551691229,44551.7387977013,39348.4979882812,25639.036328125
"M494.1956T3429.6",494.195584873933,3429.612,1529021.07428572,1125753.18218182,717880.643954547,357985.297851562,413482.328380953,499798.0815,1526066.44419048,1664767.01495652,677867.961916662,208441.611545139,516888.836818176,405339.695000002
"M494.1961T3127.5",494.196054026491,3127.519,484938.065789472,347268.080842104,423997.450315795,375367.34205,400462.88025,439382.290285715,512972.532947367,396541.13255551,385146.108000004,377995.116166665,323536.972039474,506474.703913039
"M496.2T3384.4",496.200012207031,3384.3895,29480297.5207619,30735807.4298179,29850978.4015238,9642980.33178945,7713099.75663168,5670430.29473683,31551042.5112381,27912140.1173334,29330262.4060953,26793724.4887273,7456648.72079999,7534107.48599999
"M497.2T3397.7",497.200012207031,3397.707,8063598.67733334,8286158.88618173,8014609.40800001,7258384.37818174,2123570.98105266,1572471.63536842,8397284.08380953,7664673.53600001,8015786.25219048,7276387.61527275,2071029.7908,2044513.278
"M498.2T3369.3",498.200012207031,3369.317,193760.828526315,643532.4792,851085.537899999,721769.02455,610146.043136365,454487.839272728,272313.8196,656610.76635,708213.42765,641035.794285715,588030.240000006,528592.400761898
"M499.2T3414.2",499.200012207031,3414.215,230905.2426,216300.192500001,190009.779999998,236429.694346153,149785.807473684,166025.798095238,251453.418666667,225829.200727273,192221.801863637,204131.600041665,178856.842666664,37915.9504394531
"M502.1056T3168.2",502.105570924975,3168.1905,16972821.72,15739987.3076362,12729848.4906667,8332544.13890911,8505189.92436366,7657925.46133334,16450453.9296,17052646.1410907,12650641.8385455,8848866.46218184,8794519.07657144,7132401.93219048
"M503.1081T3168.3",503.108052469203,3168.2855,4810844.094,4456402.12254541,3582621.2556,2355995.24945455,2417541.78181819,2180178.98057143,4778155.4184,4937143.63927267,3627364.32218183,2493545.04533334,2494471.49714286,2035940.44952381
"M504.1387T3261.2",504.138711314641,3261.2185,5356955.06799997,4880156.91284209,3711291.46357894,2088344.3976,1771182.39242105,1663514.01347368,5937698.26610525,6314197.662,3232523.1612,2281405.3128421,1958691.40000001,1564183.67410526
"M505.1605T3261.3",505.160541325857,3261.286,1490180.44294736,1430487.09052631,1069985.81473684,591917.2983,515065.7337,474590.633789472,1665003.84336842,1773914.6436,916982.452499999,636337.333999998,552504.470000002,448829.22495
"M505.3601T3723.8",505.360149175052,3723.753,98120.0163125008,1429718.26999998,121434.740470587,126013.758352942,993.700942095588,7059.02764892578,20468.3245171441,623460.94705263,206049.975222221,81071.9469444454,147567.693176472,171960.790388888
"M506.1921T3395.1",506.192142531474,3395.086,4958426.50300003,4287224.27636365,4287024.03,2358940.3429565,2029890.83647999,1957167.72088888,5639064.18688004,5791283.31054547,3723910.6072381,2558315.8038261,2439061.41599999,1903921.42103703
"M507.2T3395",507.200012207031,3394.9915,1492306.70766667,1282636.74545455,1250595.3636,721120.280333337,640276.426962962,599263.949107142,1603957.09500001,1717794.26618182,1075706.01295238,748842.650347829,699999.471346151,446090.856521735
"M508.2T3528.1",508.200012207031,3528.0855,40421850.4236523,37407862.5840002,31180104.285091,20421455.6827827,20618865.558261,18146962.5163637,43677357.5372798,45173155.9910401,31509861.220174,21518577.842087,21911294.2914783,17120652.8058182
"M509.2T3528.2",509.200012207031,3528.1765,11501353.7446957,10457527.3306667,8806212.06109093,5722394.97808698,5919454.30330437,5185408.02836365,12222713.1903999,12705948.54144,8890655.71617395,6101089.4170435,6293691.74608698,4981963.93745456
"M510.2T3759.1",510.200012207031,3759.1,1800050.55026088,8684160.76,6453425.43238096,1874392.24486957,2452518.25371429,2067843.2989091,2384322.97727999,13562012.168348,4418648.47930431,2924411.77963633,2717762.66181819,2239913.18109089
"M510.2T3527.8",510.200012207031,3527.7695,3214977.52055173,1741849.01894739,1484323.36523438,1053566.63161905,1168207.26909091,1113472.82504348,3173146.62514289,77743.1477647067,1523992.11458333,1178809.77066667,1244176.42254546,1030136.02440909
"M511.2T3760.1",511.200012207031,3760.0775,540843.340166663,2459948.84533333,1873350.748,526870.116909092,727804.020727265,589466.733772729,703755.379038459,3944795.242087,1254268.83339129,837436.404000003,755977.897409093,675114.418695646
"M512.2595T2924.8",512.259515327807,2924.7535,321916.964571429,2744626.00533334,237653.668571426,592109.12304762,81483.1903268914,174057.133714286,269403.422476191,491984.355000003,128841.438623047,82291.0048339844,278263.002772728,181050.207159745
"M515.2575T3423.1",515.257472008647,3423.084,47380.2805047286,77974.5758750007,72152.7599999994,185065.980947368,72267.418588236,56627.96,24767.7162841797,61037.2573125005,59860.8962402344,164627.768315789,83377.2658947366,46878.9529322574
"M518.1944T3418.4",518.19444750773,3418.397,901301.459809525,1211914.85008695,1259788.4090909,1089064.38781817,833408.718409093,551554.74536842,861712.009565221,896020.551391308,1159243.20945455,1015156.2795,715896.856380953,671744.854857143
"M519.1567T3413.8",519.156704976824,3413.769,277928.102500001,333393.221499996,354629.164190472,304954.867499997,219875.80952381,164113.1766,266616.611045455,264078.893958335,325307.042181817,297117.164190476,207378.099809524,207513.474999999
"M520.2T3245.8",520.200012207031,3245.7785,747573.961111108,719630.820000003,752952.51705263,648773.970736841,720775.2813,735121.50673684,625703.516631577,764567.27715,748703.378999999,659716.08273684,525815.37525,782454.65565
"M521.2T3228.5",521.200012207031,3228.521,316419.24711111,261307.086842109,237604.393999999,213463.87485,204511.070000001,215915.788421052,240531.96111111,234954.499111114,242881.396526315,271299.732,172363.593,240587.18368421
"M522.2T3408.8",522.200012207031,3408.766,15355128.9600001,14282159.3664,13919591.7504,16060743.8208,15307287.5032381,15197916.1112381,14903707.8400001,13781715.5200001,13786704.6521905,10886944.0032,15064828.3578182,15038666.5569524
"M523.2T3408.8",523.200012207031,3408.766,4490686.12000003,4390354.96838096,4056525.6744,4665992.322,4483000.14933334,4504684.12952381,4369192.04000003,4146010.52000003,4063380.07771429,3365962.17904762,4297290.06400001,4458849.80419048
"M524.2T3695.6",524.200012207031,3695.578,30259398.3610432,24143626.3013335,25558248.4773332,18530208.3973332,21509131.8572309,13700836.6899199,21262920.3626667,25771082.8106668,2742565.67152944,20685193.5813334,20468695.3476922,18468259.40736
"M525.2T3697.9",525.200012207031,3697.882,8969329.21043471,7119784.19733337,7592426.65333328,5497723.6643333,6413462.77846159,4142023.45087998,6306344.94780953,7645209.56800004,6654378.1086667,6222587.32500003,6040801.61723075,5435342.74080001
"M526.1T3177.4",526.100036621094,3177.397,18285754.9531429,18101290.8829091,15464033.1337143,11084285.0938182,10534823.2930909,8653660.84266667,20886730.8495238,22176009.8170436,15196914.5417143,10999952.8232728,10564970.5774546,8877836.9007273
"M526.2T3695.6",526.200012207031,3695.578,1989462.67099999,1499603.93739131,1692971.92499999,1144360.13166666,1272025.77784616,856630.934719996,1413279.15090909,1531149.69970703,1178842.20233445,348467.763000003,1098370.61476935,1105647.2784
"M527.1145T3177.4",527.114481787045,3177.413,5493533.72038096,5331955.51695239,4631745.7432381,3393948.22181819,3218986.30363637,2575172.96152381,6069048.08838096,6651031.77890911,4593730.01381819,3368800.52660871,3262003.77418183,2696804.79054546
"M527.3179T3717",527.317907768424,3716.993,103279.615250001,1883395.37852631,428401.611954547,319426.63935,42631.4852072976,109165.345187499,27166.3370028409,819568.590000002,404886.313052637,158093.541015625,250290.431999998,204578.927444443
"M528.1393T3239.7",528.139294803942,3239.706,2292681.1697778,1942208.73155555,1475902.28329413,819135.085000002,678049.888235289,660516.074999991,2531824.4329412,2619153.61999999,1268856.95555557,905672.473611107,813021.502722232,578212.900941182
"M529.1433T3242.1",529.143274368571,3242.1235,700840.025166675,604379.543789472,454402.57976471,257960.515000001,211251.850555555,196928.644999997,758088.822833342,815044.975888885,403583.522777782,309385.399894736,234562.773176473,183833.26598403
"M530.2T3353.3",530.200012207031,3353.313,20771850.8251429,17944520.216381,15174656.6112,9541865.21600001,9300900.10819048,9471327.79199999,21616404.1454546,22168870.6589091,14164274.8128,9985522.95619049,9767005.52533334,8308318.09852629
"M531.2T3353.3",531.200012207031,3353.313,6444674.21866667,5629492.0498182,4627131.4836,2924720.72533334,2830861.14133334,2927312.28647619,6551976.41600002,6749949.4258182,4340520.2808,3008564.61409524,2934544.1616,2580990.6576
"M532.2T3490",532.200012207031,3490.0385,3416165.85142857,2821638.08472728,2683680.02,1201967.39080001,862777.380807689,669078.176000001,5061891.10776473,4887450.44266665,2196042.66580645,1109154.82900001,972781.6687826,613506.000545456
"M532.1887T3353.1",532.188703491117,3353.081,1473748.99454546,1218999.43381819,960732.194699999,631348.73904762,580965.7782,595262.502095239,1425010.05018182,1402574.86181819,915863.513249999,624894.875428572,618906.426,538391.31345
"M533.2T3490.3",533.200012207031,3490.253,1058079.95428572,892119.553136366,835934.286424243,415531.059290322,278404.522541665,242518.182260871,1563205.30141177,1526934.67345454,661848.774580644,437741.71739394,316320.333041665,192140.669024068
"M534.2T3583.5",534.200012207031,3583.4615,2558524.59999997,2094532.26666667,1856769.3564,786136.614095239,670008.3033,634951.85835,2168827.07999998,2761014.18666663,1391468.01980951,853520.600099999,766481.211,556165.080315788
"M534.3T3862.6",534.299987792969,3862.588,227348.11125,1598952.50307694,1185764.36170615,1114594.89788187,1145940.85542858,1197762.00827586,122926.129411766,1097981.36774194,1153315.10518519,953893.222774196,1171077.8882963,1371976.81896297
"M535.2T3582.8",535.200012207031,3582.769,866274.449999991,663227.37495,594251.20442106,272570.886095238,210969.34455,216769.379047619,704656.2963,882645.884549999,435525.585,280536.0669,251104.05225,108871.136937501
"M536.2T3694.3",536.200012207031,3694.295,7608849.498,6678458.21634777,5219486.47854547,1914597.3888,2338714.91657143,2237706.63009524,4689884.35200006,11134563.9534544,3746025.43563637,2421430.60000001,2594298.9924,1948250.0736
"M537.2T3703.7",537.200012207031,3703.703,2370711.456,2162158.95299999,1564902.30247619,591917.2983,712216.088380953,686987.49104762,1448402.60800002,3435601.05199996,1133252.44436364,742767.780000004,814693.865142858,638223.574857143
"M544.2T3210.6",544.200012207031,3210.6045,3224455.11663157,2828155.31999997,2788004.86577781,2437816.512,2267362.15800003,2387387.5632,3111678.74947368,3239416.01347368,2669599.89726315,2259496.92000001,1798415.5008,2071922.28000001
"M545.2T3207.2",545.200012207031,3207.2295,1037062.452,938167.419999992,921066.988105261,777892.826399999,704007.223157904,749653.607999998,1004782.28263158,1073899.989,852403.357368419,725975.330000002,614618.463,660894.805000004
"M546.1939T3204.8",546.19386559764,3204.752,1015901.37705,714817.51665,613978.930947367,448313.029999997,332753.719726562,329964.915604441,931739.930999999,837420.394499999,575493.14805,442341.615238096,72266.8364999989,269868.017578125
"M546.2529T3015.1",546.252868688262,3015.084,476299.516952381,1160606.24457143,391806.49152832,256637.344824219,299616.242822266,529252.810666667,4004713.14285715,167685.011999999,995331.623619049,558458.724409092,656805.162909093,3130259.64072728
"M547.2409T3015.1",547.240860836553,3015.084,181444.138960405,410589.817826089,149409.749651228,87417.2938058036,113097.727627841,175559.730818182,1317802.58133333,99363.5293079723,328355.485090908,184693.038782609,224353.44859091,1041625.92068182
"M548.1T3182",548.100036621094,3182.0255,758915.778600001,769992.376153843,738224.254565216,641591.346079997,600716.74638462,515862.459679997,627178.409845526,642831.630647079,668067.419478263,596320.590600001,451062.4086,502825.272230773
"M550.2092T3636.4",550.209153808298,3636.393,6553123.20842104,888607.000000001,5451625.61347367,3691602.57636365,609086.194499994,3927026.77773915,3360936.6984,7089625.28000003,4257790.764,3845726.50057143,3900790.10233331,1102907.70707693
"M551.2056T3641.1",551.205609633571,3641.103,2174851.17642105,2279251.94526315,1768703.51578947,1159191.52761905,149947.616437501,1227600.424,1053232.48,2310002.60000001,1760017.8876,1299548.97676191,1203399.96690909,435906.158785716
"M554.1391T3213.4",554.139060214285,3213.393,212828.387044271,125869.783764707,457554.355000003,389644.3809,323073.464380953,203635.98885,205913.433837891,347643.216761905,159431.32473273,408094.095000002,369031.420952381,166970.182555555
"M556.2944T2911.4",556.294405533999,2911.399,297420.425000001,2346051.4133333,227810.118095238,563493.968761905,56475.5971764702,174975.49455,237945.078818182,523208.964571429,124019.990000001,63248.0052083333,239761.659428572,167908.022732205
"M557.3806T3513.1",557.380568126605,3513.126,164180.723000001,1176247.34682352,120797.525625001,228162.163764704,5553.85205078125,56760.4164705878,138021.227749999,319202.61670588,116473.876941176,70883.5449999999,90184.430117648,67218.634966682
"M558.184T3531.8",558.184022035728,3531.83,478131.776347828,376766.980571429,319508.502857143,237221.741714286,207943.335227273,196542.0705,462254.262583336,433107.430272728,338304.048863637,232198.858956523,194246.235000001,188117.94465
"M562.9888T3706.8",562.988755942879,3706.835,1268.38037109375,532369.060888886,59220.5040000006,51757.2995294114,0,0,100043.559529413,151826.498842105,80414.3950000002,0,78597.7697777774,49261.5049999999
"M564.2023T3458.7",564.202276543251,3458.735,495463.923809517,528828.542869567,403730.49585,310207.5189,373670.928521741,319110.653750002,483380.926476184,561867.1284,531539.640333331,483456.8736,364380.949730772,389258.968863637
"M565.2215T3453.9",565.221501082724,3453.945,179734.780952381,117170.520444444,145338.47145,122022.2814,92879.2588235288,54919.8183806046,164572.995157894,200163.3648,214969.35675,172161.249599999,66834.194866678,83077.8370624992
"M566.2T3574.5",566.200012207031,3574.502,721879.102818174,168837.161277777,330110.363739132,398129.634000002,864560.703590911,731744.782458337,759720.627,695894.597545456,344389.680761905,557875.850869571,627906.712272729,632278.428782603
"M568.2T3213.1",568.200012207031,3213.0895,3513594.79242104,3382320.1752,3575867.17810525,3206214.09010526,2520927.03999998,2351740.30736841,4441771.33642104,5160645.55957893,3776656.18526315,2387020.4808421,1723110.1068,2083724.6652
"M568.3T3603.9",568.299987792969,3603.94,327279.961555559,1822905.46789473,181116.053789476,118455.561157894,166357.035157894,104334.628235293,37047.4791370739,245649.788421052,228253.684999997,99104.8017777773,296017.619473683,550424.853368428
"M569.2T3215.4",569.200012207031,3215.427,1176918.66842105,1169376.02355,1238845.20073684,1084157.97810526,885024.390095227,769184.151157893,1498906.58947368,1718575.12168421,1305691.92757894,844783.484249999,590152.0347,704089.7844
"M570.2T3210.1",570.200012207031,3210.11,205973.943875002,232350.855,354455.884105262,725809.896000001,474538.592423081,154042.176499999,349524.734947368,363812.704421052,326280.823567708,301688.651249997,253018.245000001,57466.317313058
"M571.3965T3709.3",571.396531639077,3709.2825,172301.948277777,2219742.2391111,264564.815,259821.466333332,3520.20984604779,86854.0312500007,83754.0868235288,814670.817882361,304004.38,173383.324888888,242164.970000001,85536.6399999999
"M572.2T3664.5",572.200012207031,3664.498,212129.490000001,1007070.94588235,187286.9562,31602.2546772204,77638.2967058831,93593.067444444,7507.4595489502,1304439.09738888,72662.6013901654,40946.7972412109,28346.5840087891,156074.319999998
"M572.2T3396.3",572.200012207031,3396.2995,323601.381789473,322391.07511111,369754.118722226,274460.310000001,278056.718526315,328882.464666665,308131.285000001,415906.672421052,337915.324000004,314015.492444448,283351.970999999,287626.655000001
"M573.2233T3399.2",573.223263694001,3399.158,109852.840222222,100482.39,105593.061444446,90522.7300000001,106757.579578947,114065.883789473,104338.55,143399.257263158,121220.596666668,85290.8590588244,104508.92595,105759.143157894
"M576.2529T2859.9",576.252859690866,2859.882,313926.290611115,379595.198631578,41139.5508386948,55134.4933810764,67731.7941176471,49668.5878363715,588883.899611118,143282.12715,110578.974444446,97970.4001052629,365961.164999996,298524.107388887
"M579.1244T2789.9",579.124402019254,2789.892,1602404.51961113,852780.481277774,1279959.498,401807.172300006,970436.155000004,701159.27383333,1757125.88200002,876060.395000002,707584.31775,450329.132190477,659396.37735,707023.180000003
"M579.4094T3508.4",579.409432823756,3508.379,264095.935417624,1572160.40327777,187855.538823531,352386.355,72984.4504210524,45049.9428710938,198488.908447266,349901.245749997,190138.788000002,96021.4351249991,154232.777647058,247472.489722221
"M580.1112T2789.2",580.111165339538,2789.243,549471.191294123,325727.536666665,469956.824631578,144848.840128581,351453.615000002,260395.800944443,637791.543388896,322001.880000001,250390.43505,145821.791590074,171472.527722221,261686.780000001
"M580.2T3379.1",580.200012207031,3379.112,375029.31285,153382.31445,212356.598727275,112861.355932617,630636.789391307,106361.528710938,571668.41025,407624.711619048,302588.656227274,457511.909217393,541321.228960003,537119.311359997
"M580.1975T3573.7",580.197462765879,3573.686,421946.51385,133871.664999999,163241.400146484,237191.64675,539466.436045456,426974.373409092,469043.6841,421423.82055,90168.9686143663,379293.338318183,402913.197272728,400313.807772723
"M590.1802T3211.3",590.18023110951,3211.29,70909.0496470583,279821.979157894,204573.049894736,199358.9805,99510.9333753084,180332.3184,115432.179156135,262258.574842105,196557.389473684,139367.952842105,57818.3669562089,65094.4946546053
"M590.2863T3002.6",590.286301562306,3002.583,463223.63505,1450836.05333333,388183.845090905,211669.199238095,285201.616761905,558531.504761905,4560396.43428572,269910.467047619,1110252.33676191,558365.619809524,767925.730173906,3588515.89054546
"M591.2811T3002.6",591.281122377622,3002.5605,175453.071238095,523337.290666667,138598.442666667,72627.7645499999,106684.651043477,191229.356190476,1576633.18552381,98015.9483999999,404658.121590905,199088.547047619,264940.879304346,1287256.49127273
"M593.4179T3682.7",593.41785467864,3682.6845,103177.32,2446358.71422221,213074.565882355,425769.740166672,79095.2569411759,114716.447999999,0,780080.987111107,329582.871529409,154498.365,255909.58336842,336012.97936842
"M594.2T3386.7",594.200012207031,3386.6675,131760.497499999,39388.16031579,112116.1479,115931.084444444,210326.1501,35405.9950764974,203990.889473684,133577.8722,164900.069157894,218016.3144,167997.870454544,264677.632363634
"M594.3176T3608.4",594.317571763729,3608.4405,574791.939529418,486174.015529408,164187.36847059,22667.5562065972,689400.004421051,247692.55,174772.995555558,18185.8563701923,197940.019764705,55351.9423314145,573244.915894735,950598.214999994
"M596.3432T3803.1",596.343180866694,3803.139,195519.464055558,4482351.4364445,273204.871222221,161920.106833333,171784.272631578,137865.603368421,118113.781143852,620204.697722229,293010.80811111,142623.144999998,473434.137684209,511236.051111109
"M597.3378T3803.5",597.33781844637,3803.479,67248.6522352948,1671423.26444446,104149.96517647,66215.7910588231,67707.4478947367,58273.7155761719,34842.4821428571,230637.900705885,124673.3067,59829.3910555562,180230.293578947,206925.51375
